<!-- [ Mirror metadata ] generatedAt: 1462996968180 -->
<!-- Generated screen file. Fill the id tags below with content with
which to populate your previewed layout. For a complete specification
of sample data, please see http://jimulabs.com/sample-data-specifications/ 

Valid attributes on <screen> tag: theme="@style/someTheme" inEditMode="false" overlay="@drawable/mockup" -->
<screen>
    <_content layout="@layout/inventory_list_item">
        <!-- TextView Examples:
        <textView text="@string/string_resource" />
        <textView text="Text literal" textSize="14sp" /> -->
        <textView />
        <textView_descripcion />
        <pepe />
        <textView_clase />
        <a />
        <textView_parte />
    </_content>
</screen>
